idProduct,,,,caracteristique,price,rating
1640816996-943,,,,Dynamic Haltère Musculation kit 20 Kg,450.00 Dhs,3.8
1640816097-719,,,,Water Aerobics Dumbbell D EVA Foam Barbell Fitness Swimming,209.00 Dhs,null
1640816800-872,,,,Gymnastic Rings Fitness D Gym Rings Birch Wood with Adjustab,959.00 Dhs,null
1640816187-739,,,,Electric Muscle Training Machine Abdominal Arm Muscle,130.00 Dhs,null
1640816786-868,,,,Domyos Gilet Lesté De Musculation Et Cross Training 10 Kg Homme Et Femme,649.00 Dhs,null
1640816359-792,,,,30KG Weighted Lifting Bulgarian Sandbag Boxing Fitness  15KG,319.00 Dhs,null
1640816982-938,,,,Dumbbell Stand D Rack Bracket Weight Holder Exercise Tools H,169.00 Dhs,null
1640815534-516,,,,Foam Padded D Barbell Bar Cover Pad Weight Lifting Shoulder,169.00 Dhs,null
1640815350-449,,,,Dumbbell Stand Rack D Bracket Weight Holder Exercise Tools H,219.00 Dhs,null
1640815412-472,,,,Dynamic Barre fixe Longueur charge maximale 140kg,148.00 Dhs,null
1640816278-771,,,,5 In 1 Hand Grip Strengthener Set Workout Finger Exerc Green,249.00 Dhs,null
1640815449-484,,,,4 sizes Boxing Fitness Wall Punch Bag Training Squa 20x20x10,209.00 Dhs,null
1640816516-816,,,,HALTERE GYM PVC 2*3 KG,249.00 Dhs,null
1640816730-848,,,,"Beauty Body Smart Fitness, Stimulateur mobile-Gym 6 pack EMS, dos, épaules bon qualite",115.99 Dhs,null
1640816034-697,,,,"Ems Smart fitness 6 pack stimulator EMS, abdominaux, biceps, teiceps, cuisses",68.99 Dhs,3.5
1640816615-826,,,,HALTERES FITNESS 3 KG GRIS,239.00 Dhs,null
1640815429-476,,,,Hip Trainer Exercise D Beautiful Hip Clip  Repair,259.00 Dhs,null
1640815691-575,,,,Gilet de Musculation Et Cross Training 10 Kg Homme Et Femme,779.00 Dhs,null
1640816167-732,,,,Northpacific Set d'haltéres 10kg,349.00 Dhs,3
1640816352-789,,,,Un appareil qui vous aide à faire des exercices abdominaux,125.00 Dhs,null
1640816553-821,,,,Fitness Sit Up Bar Assistant Gym Exercise Set Resistanc Blue,279.00 Dhs,null
1640816672-837,,,,Barre fixe professionnelle de porte,119.00 Dhs,null
1640815688-574,,,,Domyos HALTERES TONEDUMBELL 2*2 Kgs,178.00 Dhs,null
1640816318-785,,,,Set de 2 Disques 2kg En Plastique à poignée Pour Remise en forme 2x2Kg,119.00 Dhs,null
1640816821-880,,,,Pakka Haltère pair de fitness gym à domicile 1 kg musculation aerobics - Bleu,83.99 Dhs,null
1640815881-641,,,,Autre Waist trainer body shaper plus size wasit trainer womens belly control sweat belt waste trainers,194.00 Dhs,null
1640816263-766,,,,Deux Mini Barres Altères Musculation Viltage,199.00 Dhs,null
1640816811-876,,,,Resistance Bands Latex Loop Pull Up Assist Band Fitness,7.00 Dhs,null
1640815779-606,,,,Power Resistance Bands,107.99 Dhs,3.5
1640815953-668,,,,Revoflex Entrainement abdominaux puissant  dans la maison,73.99 Dhs,3.8
1640815685-573,,,,Domyos KIT HALTÈRES MUSCULATION KIT 20 KG,689.00 Dhs,4.5
1640816861-895,,,,Northpacific Set d'haltères 10kg + 10kg,549.00 Dhs,null
1640816160-730,,,,Barres d'entraînement horizontales réglables pour l'exercice aérobie,149.00 Dhs,1
1640816805-874,,,,Deux Disque 5kg Musculation,399.00 Dhs,3
1640816039-699,,,,Autre Waist Wrap Tummy Gaine Ventre Plat Femme Faja Belt Waist Cincher Invisible Snatch Me Up Bandage Wrap Waist Trainer Body Shaper,192.00 Dhs,null
1640816218-750,,,,Suna Slimming Belt - Perdre du poids - Éliminer la Cellulite Révélez le phénomène de remise en forme en vous avec cette ceinture minceur de Suna.,99.00 Dhs,1
1640815537-517,,,,Tummy Trimmer Corde élastique à ressort - Pédale de traction pour abdomineaux,99.00 Dhs,null
1640815338-445,,,,Iron Gym Barre Fixe Multifonctions et multi-positions,119.99 Dhs,3.2
1640816986-939,,,,Iron Gym BARRE FIXE MURALE,379.00 Dhs,null
1640816658-832,,,,"Smart fitness 6 pack stimulator EMS, abdominaux, biceps, teiceps, cuisses, dos, épaules...",249.00 Dhs,5
1640815392-465,,,,Resistance Band Elasticity Thigh Fitness Gym Exercise Tr Red,229.00 Dhs,null
1640816513-815,,,,Ulzzang Barre fixe et parallèle plus ando OMISO 2020,575.00 Dhs,null
1640815617-548,,,,Vibroaction Appareil vibrateur pour perdre le poids,599.00 Dhs,2
1640816824-881,,,,Haltère Musculation Kit 10 Kg,329.00 Dhs,null
1640815868-636,,,,Barre Fixe pour Porte à la maison exercice d'entraînement Fitness,135.00 Dhs,null
1640815962-671,,,,ceinture de sudation expert ceinture amincissante,180.00 Dhs,null
1640815358-452,,,,Resilient Trainer Weight Lifting Strength Neck Muscles Black,249.00 Dhs,null
1640815921-656,,,,"MSF Masseurs électriques Ceinture amincissante électrique Vibrant,",299.00 Dhs,null
1640816972-934,,,,Not Applicable Bas de contention chaussettes compression varices antifatigue,149.00 Dhs,null
1640815745-594,,,,Barre fixe permanente pour porte maison,114.72 Dhs,3
1640815774-604,,,,Masseur vibrant électrique pour la perte de poids et la combustion des graisses,299.00 Dhs,null
1640816975-935,,,,Universal DIY Accessories 6 Modes Intelligent EMS Hip Trainer Buttocks Butt Lifting Bum Lift Up Muscle Stimulation Leg Waist Body Workout Fitness,64.00 Dhs,null
1640816057-705,,,,Electric Muscle Training Machine Abdominal Arm Muscle,204.10 Dhs,null
1640815833-626,,,,150KG Adjustable D Hand Gripper For Forearm Exerciser Heavy,209.00 Dhs,null
1640815649-559,,,,Outil d'entrainement pour femme et homme,99.00 Dhs,null
1640816772-863,,,,30/40lbs Hunting Recurve D Bow Archery Right Hand Spine 500,409.00 Dhs,null
1640816100-720,,,,KIT SPORT AT HOME pour FEMME,500.00 Dhs,null
1640816177-735,,,,Aichun Beauty EIGHT Pack Huile pour perdre du poids et Sculpter les muscles abdominaux,31.00 Dhs - 55.00 Dhs,1
1640816182-737,,,,Silver / Black D Pull Up Bar On The Door Home Fitness Horizo,199.00 Dhs,null
1640816675-838,,,,"Vibroaction MSF Masseurs électriques Ceinture amincissante électrique Vibrant, VibroAction Body Shaper Burning Ceinture de massage",249.00 Dhs,null
1640816752-855,,,,Smart fitness,199.00 Dhs,null
1640815981-677,,,,SPORT Barre de curl filetée chrome 1.20m,400.00 Dhs,3
1640816816-878,,,,Lws> Gaine Abdominal sentir plus découpé et tonique instantanément,69.00 Dhs,null
1640816689-843,,,,Vibroaction Ceinture vibrante massage,166.00 Dhs,null
1640815806-616,,,,Ab Sling Strap R Hanging Chin Sit Up Bar Pullup Heavy Exerci,299.00 Dhs,null
1640816837-886,,,,Fitness Handle Grip Accessories Cable Machine Attachm Silver,249.00 Dhs,null
1640815838-628,,,,Slim Minceur Patches perte de poids rapide 10 pcs \ pack,99.00 Dhs,null
1640815322-439,,,,Ceinture De Poid Plongée Sous-marine Kit Accessoire Bande Sangle,176.00 Dhs,null
1640815523-513,,,,Domyos KIT HALTERES PVC 2 X 5 KG,320.00 Dhs,null
1640816940-922,,,,Ny HALTERES TONEDUMBELL 2*1 KG VERT,119.00 Dhs,null
1640816013-689,,,,Haltéres Musculation 8 KG,299.00 Dhs,null
1640815397-467,,,,Adjustable Weighted Vest Workout Exerciser For Boxing Training Fitness,564.00 Dhs,null
1640816273-770,,,,Sit-ups Device With Suction Muscle Train Sit Up Bars Pink,249.00 Dhs,null
1640815301-431,,,,barre de fitness et musculation,269.00 Dhs,null
1640815501-504,,,,Domyos Barre de traction Pull Up BARS 500,320.00 Dhs,null
1640816236-756,,,,Domyos PAIRE D'HALTERES FITNESS 2 KG BLEU,179.00 Dhs,null
1640815862-635,,,,COMPEX SP 8.0,"12,000.00 Dhs",null
1640816312-783,,,,Dumbbell Handle D Rod Bar Weight Lifter Exercise Tool Connec,209.00 Dhs,null
1640815989-680,,,,Universal 61*61cm EVA Foam Floor Interlocking Mat Show Floor Gym Exercise Yoga Mat Black,100.00 Dhs,null
1640815756-598,,,,3 Colors Yoga Balance Train Board 360° Rotation 36 Yellow,749.00 Dhs,null
1640815503-505,,,,Universal 11 bandes de résistance PCS Set Yoga Pilates Abs Exercices Fitness Tube-Bandes de musculation,159.00 Dhs,null
1640815516-510,,,,Revoflex équipement d'entrainement abdominaux puissant dans la maison,119.00 Dhs,null
1640815964-672,,,,Ceinture de massage minceur fitness électrique perdre du poids Vibrateur...,199.00 Dhs,null
1640815545-520,,,,VibraTone Ceinture d'électrostimulation vibratone,148.99 Dhs,3.2
1640815905-650,,,,4 sizes Boxing Fitness Wall Punch Bag Training Squa 40x40x10,269.00 Dhs,null
1640816049-702,,,,Appareil Multi-fonction ALL SPORT Exercices,139.00 Dhs,null
1640815304-432,,,,Dumbbell Stand Rack D Bracket Weight Holder Exercise Tools H,219.00 Dhs,null
1640816518-817,,,,Universal DIY Accessories 6 Modes Intelligent EMS Hip Trainer Buttocks Butt Lifting Bum Lift Up Muscle Stimulation Leg Waist Body Workout Fitness,64.00 Dhs,null
1640815844-630,,,,Iron Gym Barre Fixe multi-positions en métal 12 positions,99.99 Dhs,null
1640816198-743,,,,liveupsports Barre Fix Barre Musculation,230.00 Dhs,null
1640816244-759,,,,Top Sport Set 2 Haltères de 2 kg,140.00 Dhs,5
1640816386-801,,,,Revoflex Xtreme-Appareil de musculation et Abdominaux bon qualite,72.99 Dhs,3.8
1640815683-572,,,,Barre Longue Musculation - 180 CM,345.00 Dhs,null
1640816951-926,,,,Vibro Shape Slimming Massage Belt - Ceinture VIBRO SHAPE - Qualité Supérieur,259.00 Dhs,null
1640815547-521,,,,Roue abdominale pro multifonctionnelle type grenouille,249.00 Dhs,null
1640816305-781,,,,Sauna Belt Ceinture de combustion des graisses efficace,149.00 Dhs,null
1640816203-745,,,,Sauna Belt Ceinture de combustion des graisses,159.00 Dhs,null
1640815603-543,,,,360 Degrés Sport Réglable 24 Noeuds Détachables  Yoga Rose,832.00 Dhs,null
1640816297-778,,,,Carver AB CARVER ROUE ABDOMINAUX PRO SPORT FITNESS MUSCULATION,230.00 Dhs,null
1640816993-942,,,,Gym Pull Down Home Indoor Workout Cable Pulley Ha F054-a-2m,349.00 Dhs,null
1640816781-866,,,,EMS sans fil Muscle Trainer Smart Fitness,199.00 Dhs,null
1640815583-535,,,,Vibro Shape Ceinture abdominale amincissant le corps et brûlant les graisses,279.00 Dhs,null
1640816813-877,,,,kit haltère de 4kg (2 x 2kg),195.00 Dhs,4
1640815942-664,,,,9Pcs/Set Hand Grip Gripper Trainer Countable Training Orange,269.00 Dhs,null
1640816977-936,,,,Domyos kit de Musculation 20 kg haltere + boite de rangement,649.00 Dhs,null
1640815897-647,,,,"Ceinture lombaire en vrais cuire , squats, gaine de sécurité pour le soutien de la taille et du dos durant l'entraînement de force, le fitness ou la gym",299.00 Dhs,null
1640815414-473,,,,Appareil Multi-fonction Exercices,189.00 Dhs,null
1640816792-870,,,,Universal 11 PCS Resistance Band Set Yoga Pilates Abs Exercise Fitness Tube Workout Bands,145.00 Dhs,null
1640815992-681,,,,"Appareil Abdominaux de Fitness Sport Pliable 10 en 1 Gym à Domicile, entraînement Abdominal et Noyau–Tout-en-Un pour Exercices à la Maison",99.00 Dhs,null
1640815291-427,,,,Ceinture Gaine Abdominale Ajustement Forme Sport,119.00 Dhs,null
1640815947-666,,,,Workout Training Oxygen R Running Fitness High Altitude 6 Le,429.00 Dhs,null
1640816381-799,,,,20kg Professional Adjustable BodyPump Barbell Weight Set Strength Training Bodybuilding Home Gym,"1,199.00 Dhs",null
1640815363-454,,,,Home Gym D Strength Training Resistance Band Pull Rope Boxin,139.00 Dhs,null
1640815811-618,,,,Dynamic Matérielle ROUES à poussée 3 In 1 Multi function PUSH UP Bar,124.00 Dhs,4.5
1640816051-703,,,,"Appareil Abdominaux de Fitness Sport Pliable 10 en 1 Gym à Domicile, entraînement Abdominal et Noyau",99.00 Dhs,null
1640815542-519,,,,Workout Training Oxygen D Running Fitness High Altitude 6 Le,429.00 Dhs,null
1640815601-542,,,,Ceinture vibroaction pour brûler la graisse du ventre et les fesses,198.00 Dhs,null
1640816028-695,,,,liveupsports Live Up Roue Exercice Abdominale Fitness - Orange,99.00 Dhs,null
1640816069-710,,,,SPORTING Barre Longue - 186 CM,319.00 Dhs,4.3
1640815459-488,,,,Pull Up Bar R Chin Up Adjustable Length with Pull Rope Sport,"1,139.00 Dhs",null
1640816300-779,,,,Dynamic Haltère Musculation kit 20 Kg,989.00 Dhs,null
1640815369-456,,,,Autre Body Shaper Pants Slimming Shapewear Tummy Control Leggings Women Thermo Tights Waist Trainer Weight Loss  Lift Belt Elastic,187.00 Dhs,null
1640816281-772,,,,Kit de musculation 20 kg haltères + valise de rangement,630.00 Dhs,null
1640816092-717,,,,Barre Fixe  Multi Fonctions en métal 2020,120.00 Dhs,null
1640815825-623,,,,Roue Abdominaux Exercice Sport & Fitness,99.00 Dhs,null
1640815730-590,,,,Barre fixe de porte d'entraînement pour l'exercice,129.00 Dhs,null
1640815884-642,,,,Autre Women Waist trainer body shaper plus size wasit trainer womens belly control sweat belt cinta modeladora waste trainers,181.00 Dhs,null
1640815670-567,,,,9Pcs/Set Hand Grip Gripper Trainer Countable Training H Blue,269.00 Dhs,null
1640816721-846,,,,Fitness kit d'haltères PA002 sizes : 20kg,"1,089.00 Dhs",null
1640816315-784,,,,Dynamic Tableau dynamique push up,199.00 Dhs,null
1640816924-916,,,,Ceinture amincissante pour la perte de poids et brûleur de graisse,299.00 Dhs,null
1640816271-769,,,,Appareil Abdominal - EMS Electrostimulateur Musculaire.,489.00 Dhs,null
1640815488-499,,,,"Domyos HALTERES TONEDUMBELL 2 x 0,5 Kg ROSE",128.00 Dhs,null
1640815312-435,,,,Resistance Elastic Assist D Exercise Bands Cotton Loop Pull,269.00 Dhs,null
1640815677-570,,,,Silver / Black D Pull Up Bar On The Door Home Fitness Horizo,"1,119.00 Dhs",null
1640815585-536,,,,Disques d'haltère plastique à poignée Disque de poid (ne casse pas La céramique),84.00 Dhs,5
1640815792-611,,,,Appareil de musculation abdominale Revoflex Xtreme Exerciseur personnel,199.00 Dhs,null
1640816284-773,,,,30lbs Jawline Exerciser D Jaw Muscle Fitness Bite Ball Neck,189.00 Dhs,null
1640815470-492,,,,Wooden Balance Training D Board 360° Rotation 39.5cm Non-Sli,"1,149.00 Dhs",null
1640816874-899,,,,Tunturi FLAT BENCH,"1,480.00 Dhs",null
1640816669-836,,,,Iron Gym barre fixe en acier,229.00 Dhs,null
1640815641-556,,,,Autre Shinning Latex Waist Trainer 25 Spiral Steel Boned Black Cream Waist Slimming Cincher 3 Hooks And Eyes Corset  Corselet,258.00 Dhs,null
1640816010-688,,,,Revoflex Xtreme osier Core Roues doubles avec corde Ab Roller Ceinture abdominale amincissante équipements d'exercice abdominale,99.00 Dhs,3.3
1640816863-896,,,,Barre de porte réglable Boucle fixe Exercice Gym Bar Sport Fitness,125.00 Dhs,null
1640815622-550,,,,HALTERES FITNESS PILATES TONING 2*2 Kgs,175.00 Dhs,null
1640816866-897,,,,Support Correcteur Posture de dos - Ceinture Médicale de Dos - مشد طبي,59.99 Dhs - 149.00 Dhs,3.3
1640816137-723,,,,COMPEX Electrodes a SNAPS Carre,130.00 Dhs,null
1640815984-678,,,,Latex Wheel Elastic R Rope Auxiliary Tension Strength Traini,209.00 Dhs,null
1640816241-758,,,,Vibroaction Ceinture Vibroaction pour un ventre plat et mince,163.97 Dhs,4
1640816378-798,,,,Vibroaction Ceinture vibrante pour brûler la graisse du ventre et les fesses,189.00 Dhs,null
1640815830-625,,,,Dynamic set de barres avec roullettes,224.00 Dhs,null
1640816733-849,,,,BANDES DE RENFORCEMENT MUSCULAIRES - multifonction 2021,149.00 Dhs,null
1640816661-833,,,,Haltère Musculation kit 20 Kg plus la barre,699.00 Dhs,null
1640816937-921,,,,Adjustable Back Stretcher D Lumbar Pain Relief Massager Corr,180.00 Dhs,null
1640816210-747,,,,Rouleau abdominal Professionnel Roue d'exercice de Fitness pour bras dos et ventre,225.00 Dhs,null
1640816765-860,,,,Machine de musculation pour le haut du corps et les bras Wonder Arms,143.00 Dhs,4
1640815580-534,,,,Northpacific Push up 9 en 1 Planche Portable pour Entraînement à la Maison fitness traction musculation gym,249.00 Dhs,3
1640815771-603,,,,Fitness Appareil De Musculation Pour Le Haut Du Corps,99.00 Dhs,null
1640815457-487,,,,Barre Fix Extrême 12 Position Multi Fonction sans emballage,189.00 Dhs,1
1640815506-506,,,,Electric Muscle Training Machine Abdominal Arm Muscle,337.00 Dhs - 376.00 Dhs,null
1640815719-586,,,,Women Men Sit-Up Exerciser Thin Body Fat Burning Abdomen,730.00 Dhs,null
1640816917-913,,,,Banc abdominaux Noir avec jaune,899.00 Dhs,null
1640816042-700,,,,35-51CM Dumbbell A Bar Handles Spinlock Collars Weight Lifti,169.00 Dhs,null
1640816845-889,,,,"Revoflex Xtreme Une machine de sport capable de faire plus de 66 exercices (abdomen, épaules, poitrine, dos et bras)",189.00 Dhs,null
1640816618-827,,,,11 bandes de résistance PCS Set Yoga Pilates Abs Exercices Fitness Tube-Bandes de musculation,98.99 Dhs,2.5
1640816146-726,,,,Ulzzang Box support sac boxing bag wall OMISO 2021,279.00 Dhs,3.7
1640815934-661,,,,SPORTING Barre Musculation Ez Chrome,399.00 Dhs,null
1640816856-893,,,,5pcs/set Adjustable Hand Grip Set Finger Forearm Strength,154.00 Dhs,null
1640816895-906,,,,Ceinture amincissante vibrante brûle-graisses X5 Super Slim Belly,159.00 Dhs,4
1640816935-920,,,,2 Disques SPORT EN Plastique 2X 2 KG,99.00 Dhs,null
1640816715-844,,,,Silver Heavy Duty P Sweat  Suit Exercise Gym Fitness We,239.00 Dhs,null
1640816848-890,,,,30/45/60CM Yoga Foam D Roller Exercise Fitness Physio Gym Ma,"1,039.00 Dhs",null
1640815747-595,,,,Rroue Abdominale Braked ab wheel magic,88.00 Dhs,null
1640815939-663,,,,Ceinture Vibro Shape - Convenant pour Ventre Jambes Haut de Cuisse et les Fesses,265.00 Dhs - 349.00 Dhs,null
1640815371-457,,,,Poids disque chromé 1kg musculation,69.00 Dhs,null
1640815936-662,,,,7Pcs 90mm Pulley P Wheel Bearing Cable Gym Fitness Training,229.00 Dhs,null
1640815332-443,,,,Fitness Haltères a eau PA008 sizes : 25kg,989.00 Dhs,null
1640815902-649,,,,Multi-Function Tension Rope Fitness Pedal Exerciser G Purple,189.00 Dhs,null
1640816526-820,,,,Northpacific Haltères Set de Poids 20 Kg Convertible + Cadeau ( Outils Multifonction ),649.00 Dhs,null
1640815931-660,,,,Multifunction Workout Adjustable D Weighted Outdoor Sport Fi,479.00 Dhs,null
1640816072-711,,,,roue abdominale résistante à la maison équipement de fitness push-up,248.50 Dhs,null
1640815886-643,,,,Autre Waist Trainer Corsets Latex gaine ventre Steel slimming  body Shaper women s colombian girdles Modeling Strap,446.00 Dhs,null
1640816877-900,,,,Revoflex Xtreme Appareil abdominale Multi-Fonctions plus de 50 Exercices,78.98 Dhs,3.8
1640815785-608,,,,Iron Gym Barre Fixe Multifonctions,130.00 Dhs,null
1640816762-859,,,,Lvs HALTÈRE AQUATIQUE BLEU,305.00 Dhs,null
1640815987-679,,,,Lvs haltères aquatiques,580.00 Dhs,null
1640816247-760,,,,"Corde Gym Musculation des Triceps avec Mousquetons, Goupille de",286.00 Dhs,null
1640816151-728,,,,Disque 10kg de Musculation,399.00 Dhs,null
1640816680-840,,,,KIT BAR PRO 20 KG,"1,999.00 Dhs",3.7
1640815667-566,,,,Plongée en apnée ajustable avec tuba 345 ceinture de poids,264.00 Dhs - 279.00 Dhs,null
1640816395-803,,,,Finger Trainer Resistance Bands Exerciser Grip St Royal Blue,119.00 Dhs,null
1640816500-810,,,,Iron Gym Barre Fixe de traction Multifonctions en métal,398.00 Dhs,null
1640815478-495,,,,Barre fixe de musculation 2021 robuste kapiko,427.00 Dhs,null
1640815462-489,,,,Universal Sexy Bodybuilding Hip Muscle Trainer Buttocks Stimulator Bum Lifter Waist Slimming Body Shape Fitness Massager,100.00 Dhs,null
1640816754-856,,,,Masseur de soulagement de la douleur lombaire pour civière dorsale réglable,109.95 Dhs,null
1640816797-871,,,,Plantar Fasciitis Foot Massage Roller with Spiky Massage,234.70 Dhs,null
1640816148-727,,,,Rouleau abdominal musculation,129.00 Dhs,null
1640816212-748,,,,Ceinture Vibro Shape Minceur Professionnelle,398.00 Dhs,null
1640815926-658,,,,Ceinture Vibro Shape ventre plat,235.00 Dhs,4.2
1640815491-500,,,,Universal Ben Wa Kegel Crystal Balls Glass Viginal Pelvic Floor Exercise Tightening Bladde 2cm,100.00 Dhs,null
1640816007-687,,,,DEUX Disques SPORT EN Plastique 2 KG,129.00 Dhs,null
1640816497-809,,,,Disque de poids 1.25 Kg,100.00 Dhs,null
1640816215-749,,,,As Seen On Tv 5 super Slim-Ceinture minceur et Massage avec 5 Moteurs,138.59 Dhs,3.4
1640815967-673,,,,Fitness À Domicile/Câble Gymnase LAT Triceps Corde Fixation Pull,178.00 Dhs,null
1640816957-928,,,,Domyos 2 HALTERES FITNESS MUSCULATION 5 KG NOIR HAUTE QUALITE HALTERE DUMBELLS,298.00 Dhs,null
1640816064-708,,,,Bande de résistance 11 pièces pour exercice fitness,110.00 Dhs,null
1640815956-669,,,,Dynamic Haltère Musculation kit 20 Kg + barre de 50cm,541.00 Dhs,null
1640815573-531,,,,"6"" Leather Weight Lifting Powelifting Belt Back Gym  Black L",279.00 Dhs,null
1640815627-552,,,,Kit Haltères 20 Kg Musculation + Valise,697.00 Dhs,null
1640816308-782,,,,5-60Kg Adjustable Heavy Grips Fitness Gripper Exerciser Blue,189.00 Dhs,null
1640815636-554,,,,Barre Longue musculation  186 CM,298.00 Dhs,4.3
1640815614-547,,,,"Appareil de sport pour coupe-ventre pour renforcer et resserrer l'abdomen, la poitrine, les fesses et les cuisses",199.00 Dhs,3.9
1640815521-512,,,,"Beauty Body Mobile-Gym 6 pack simulator EMS,abdominaux ,biceps ,triceps ,cuisses ,dos",179.00 Dhs,null
1640815717-585,,,,Barre Longue -,268.00 Dhs - 449.00 Dhs,4.3
1640815611-546,,,,"Masseur vibrant électrique, perte de poids, brûleur de graisse sur le ventre et l'abdomen, pour tout le corps",299.00 Dhs,null
1640815889-644,,,,Sac de plongée sous-marine à vide 2KG 2KG,175.00 Dhs,null
1640815852-633,,,,30KG Weighted Lifting Bulgarian Sandbag Boxing Fitness  30KG,319.00 Dhs,null
1640815595-540,,,,Profissional Push Up Bars Plus - Multifonctions,139.00 Dhs,5
1640815361-453,,,,3 Intensity Face N Exerciser Exercise Fitness Ball Neck Jawz,239.00 Dhs,null
1640816201-744,,,,COMPEX SP 4.0,"6,800.00 Dhs",null
1640816046-701,,,,As Seen On Tv Tummy Trimmer Appareil pour renforcer vos Abdos,59.00 Dhs,null
1640815353-450,,,,Revoflex Xtreme Entrainement abdominal puissant,156.00 Dhs,null
1640816988-940,,,,Beurer Ceinture de musculation abdominale - EM 37,890.00 Dhs,4.5
1640816085-714,,,,BARRE 120 cm,241.00 Dhs,null
1640815381-461,,,,Weight Lifting Straps Padded Wrist Support Wrap for,161.30 Dhs,null
1640815347-448,,,,Camel/Light Gray Slow D Rebound Memory Foam Leg Pillow Cushi,269.00 Dhs,null
1640816900-908,,,,3 En 1 exerciseur d'exercice à traction à pied,95.00 Dhs,3.3
1640815567-529,,,,"Universal 2 PCS Soft Foam Hand Exerciser A Type Hand Grips Gripper For Quickly Increasing Wrist Forearm And Finger Strength, Random Color Delivery",86.00 Dhs,null
1640815879-640,,,,Northpacific Set de poids 20 kg convertible,499.00 Dhs,null
1640815644-557,,,,Autre Waist Trainer Body Shaper Corset Women Binder Tummy Shaper Modeling Strap Slimming  Shapewear Girdle Abdominal Belt,503.00 Dhs,null
1640816362-793,,,,Barre Musculation Ez Chrome,379.00 Dhs,4.4
1640816889-904,,,,Hdx LOW ROW,"9,990.00 Dhs",null
1640815496-502,,,,"Domyos HALTERES TONEDUMBELL 2*0,5 Kg",85.98 Dhs,null
1640816142-725,,,,topgym Haltère ajustable TOPGYM,"1,799.00 Dhs",null
1640815630-553,,,,Revoflex Xtreme-Appareil de musculation et Abdominaux -44 Exercices-MZ.LUX,79.00 Dhs,null
1640816347-787,,,,35-51CM Dumbbell D Bar Handles Spinlock Collars Weight Lifti,139.00 Dhs,null
1640815662-564,,,,Zebra Roue Abdominale,95.00 Dhs,4.4
1640816757-857,,,,Domyos HALTERES TONEDUMBELL 6 Kgs (2*3) GRIS,219.00 Dhs,5
1640815798-613,,,,5/10/15/20/25/30KG Training Fitness Boxing Power Exercis 5KG,"1,139.00 Dhs",null
1640816289-775,,,,Revoflex Xtreme Appareil de musculation et Abdominaux,89.00 Dhs,3.7
1640815327-441,,,,Fitness Outdoor Sports Plastic Clear Leakproof Water 1500ml Green,988.00 Dhs,null
1640816206-746,,,,SPORT Barre Longue - 150 cm,299.00 Dhs,5
1640815307-433,,,,Disques D'haltère Musculation En Plastique à poignée Pour Remise en forme 2x2Kg,119.00 Dhs,null
1640816718-845,,,,Revoflex exetreme,73.99 Dhs,5
1640816946-924,,,,Vibroaction Slimming Belt CEINTURE AMINCISSANTE,399.00 Dhs,3.3
1640816026-694,,,,Revoflex Xtreme Appareil de Musculation Multi-Fonctions,73.99 Dhs,null
1640816610-824,,,,Vibroaction MSF Masseurs électriques Ceinture amincissante électrique Vibrant,249.00 Dhs,null
1640815394-466,,,,Barre longue musculation professionnelle - 120 CM,275.00 Dhs,null
1640815552-523,,,,Domyos HALTERES TONEDUMBELL 4kg (2 x 2kg),147.00 Dhs,5
1640815711-583,,,,Rameur élastique Appareil Multifonction Musculation Couleur selon l'arrivage,98.00 Dhs,null
1640815817-620,,,,Barre Fixe de traction pour porte,118.99 Dhs,null
1640815652-560,,,,Barre fixe Barre pour musculation Iron Gym,220.00 Dhs,null
1640816832-884,,,,Barbell Handle Attachment Landmine T Bar Row Angled For Deadlift Squat,222.00 Dhs,null
1640815606-544,,,,Disque de poids de musculation chromé 1kg,99.00 Dhs,null
1640815452-485,,,,"Northpacific Barre Fixe, Porte à la maison exercice d'entraînement entraînement barre de gymnastique mentonnière réglable Fitness tirer vers le haut",121.34 Dhs,null
1640816970-933,,,,Barre de Musculation Ez,245.00 Dhs,5
1640815389-464,,,,Intelligent Hanches Fesses Formateur de Fitness Corps Beauté Shaper Machine,199.00 Dhs,2
1640816255-763,,,,X5 fois le rejet de la ceinture de massage minceur vibration perte de poid,145.00 Dhs,3
1640815454-486,,,,COMPEX Fit 1.0,"2,800.00 Dhs",null
1640815820-621,,,,30KG Weighted Lifting Bulgarian Sandbag Boxing Fitness  10KG,329.00 Dhs,null
1640816180-736,,,,Paire Haltéres Musculation 20 KG,900.00 Dhs,5
1640815701-579,,,,Universal Hip Muscle Trainer Buttocks LiftPush Up Beauty Bikini Stimulator Enhance Machine,76.00 Dhs,null
1640815654-561,,,,Martial Arts Foam Nunchaku Sponge Stick Rope Kid  Rope PVC Y,189.00 Dhs,null
1640816494-808,,,,Kit Haltère 10 Kg Musculation,382.00 Dhs,4.4
1640815910-652,,,,Appareil de musculation et d'entrainement 6 packs,95.00 Dhs,null
1640815609-545,,,,"Ceinture vibrante électrique, massage vibrant abdomen fesses jambes hanches",199.00 Dhs,null
1640816292-776,,,,Haltères de musculation réglables 30kg,850.00 Dhs,null
1640815680-571,,,,Ceinture chauffant minceur,66.00 Dhs,5
1640815289-426,,,,Royal Posture Une ceinture médicale pour le dos corset arrière pour redresser le dos S/M/L/XL,60.00 Dhs,2.3
1640816922-915,,,,"Ceinture amincissante à Vibration électrique, appareil de Massage chauffant pour la taille, les jambes, le ventre, brûler les graisses, perte de poids",143.00 Dhs,null
1640815384-462,,,,Appareil Abdominaux Unisexe Smart Fitness mobile gym - 6 PACK EMS,49.00 Dhs,1
1640816829-883,,,,General Kit d'haltères 15 kg avec coffre de rangement,"1,099.00 Dhs",null
1640815787-609,,,,English alphabet geometric linen pillow office cushion hug pillowcase,129.00 Dhs,null
1640815400-468,,,,Autre Women Body Control Corset Slimming Belt  Lifting Chest Waist Shapers Modeling Straps Shape-wear Body Trainers,226.00 Dhs,null
1640815733-591,,,,5-60Kg Adjustable Heavy Grips Fitness Gripper Exercis Orange,189.00 Dhs,null
1640816906-910,,,,Barre d'Haltère en Fer Anti-dérapant Remplacement de Formation Force,183.00 Dhs - 271.00 Dhs,null
1640815959-670,,,,Universal EPP Yoga Foam Roller-Massage Ball Set/Trigger Point Body Muscle Stress Relief#30*15cm,100.00 Dhs,null
1640816667-835,,,,Mini Barres Altères Chromé,119.00 Dhs - 239.00 Dhs,null
1640816959-929,,,,Barre Fixe Multifonctions et multi-positions,226.90 Dhs,null
1640815659-563,,,,Workout Training Oxygen Running Fitness High Altitude 6 Lev,379.00 Dhs,null
1640816357-791,,,,Revoflex Xtrem Materiel de musculation multifonction,91.94 Dhs,4.3
1640815803-615,,,,4 Wheels Sport Training Muscle Workout Fitness Home +  Black,999.00 Dhs,null
1640816349-788,,,,Excellent Barre fixe pour porte,119.00 Dhs,4
1640816368-794,,,,Royal Posture Une ceinture médicale pour le dos corset arrière pour redresser le dos S/M/L/XL,99.00 Dhs,null
1640815590-538,,,,3PCS/Set 15lbs/25lbs/45lbs Elastic D Yoga Pilates Stretch Re,289.00 Dhs,null
1640815373-458,,,,Vibroaction Ceinture Vibroaction pour un ventre plat et mince,249.00 Dhs,5
1640816102-721,,,,Fitness Haltères a eau PA008 sizes : 10kg,689.00 Dhs,null
1640815908-651,,,,Appareil d'entrainement abdominal efficace,99.00 Dhs,5
1640815437-479,,,,Lvs barre EZ,850.00 Dhs,null
1640815406-470,,,,Barre Longue de Musculation 120 Cm,249.00 Dhs,null
1640815625-551,,,,183X61X0.6cm TPE Yoga Mat Workout Exercise Gym Fi blackish g,929.00 Dhs,null
1640816287-774,,,,Portable Pilates Studio + Dvd Tutorial - As Seen On TV,173.00 Dhs,null
1640815814-619,,,,Domyos KIT HALTÈRES MUSCULATION 10 KG,419.00 Dhs,4.8
1640815790-610,,,,3 Intensity D Face Exerciser Exercise Fitness Ball Neck Jawz,189.00 Dhs,null
1640815714-584,,,,30KG Weighted Lifting Bulgarian Sandbag Boxing Fitness P 5KG,319.00 Dhs,null
1640815325-440,,,,Station d'entraînement murale ABDO DIPS noire demontable OMISO 2021,419.00 Dhs,null
1640815511-508,,,,barre murale  pour entraînement des  abdominaux omiso 2021 démontable,199.00 Dhs,null
1640816646-829,,,,Barre  de musculation Longue  100 cm,369.00 Dhs,null
1640816741-852,,,,kit 2 haltères (2x1 Kg) disques Plastique à poignées,79.00 Dhs,null
1640816196-742,,,,Barre Fixe de traction en métal 2022,129.00 Dhs,1
1640816020-692,,,,Pack de Disques D'haltère Musculation En Plastique à poignée Pour Remise en forme 2x2Kg,129.00 Dhs,null
1640816612-825,,,,Vibroaction Ceinture Vibro,139.00 Dhs,3.2
1640815314-436,,,,Deux Mini Barres Altères Musculation,199.00 Dhs,null
1640816802-873,,,,Adjustable Doorway Pull Up Bar Fitness Door Way Chin Up,201.50 Dhs,null
1640816840-887,,,,Barre Longue Musculation Chrome Veltage - 120 cm,249.00 Dhs,null
1640815782-607,,,,45cm Round Pouf Tatami Cushion Floor Cushions Natural Straw,"1,009.00 Dhs",null
1640816998-944,,,,Weight Lifting Belt D Body Building Gym Fitness Training Bac,239.00 Dhs,null
1640816927-917,,,,Deux Mini Barres Haltére Chromé Musculation,179.00 Dhs,null
1640815657-562,,,,Domyos Kit Haltères 20 Kg Musculation + Valise,799.00 Dhs,null
1640816502-811,,,,Banc abdominaux Noir,899.00 Dhs,null
1640815550-522,,,,Domyos 2 HALTERES FITNESS MUSCULATION 1 KG TURQUOISE HAUTE QUALITE HALTERE DUMBELLS,148.99 Dhs,null
1640816649-830,,,,Multi fonction Tension corde forte Fitness résistance bandes  femmes hommes s'asseoir Yoga tirer corde printemps Fitness équipement,76.00 Dhs,null
1640815976-675,,,,Fitness kit d'haltères PA005 sizes : 15kg,869.00 Dhs,null
1640816872-898,,,,Iron Gym Barre Fixe de traction Multi Fonctions en métal,118.00 Dhs,null
1640815529-514,,,,Smart Household Hip Trainer Prefect  Builder Buttock,165.00 Dhs,null
1640815557-525,,,,Workout Training Oxygen Running Fitness High Altitude 6 Lev,439.00 Dhs,null
1640816827-882,,,,Yoga Wheel Health&Fitness-Extra R Strength Prop High quality,759.00 Dhs,null
1640816370-795,,,,Pack de Disques D'haltère Musculation En Plastique à poignée Pour Remise en forme 6x1Kg,199.00 Dhs,null
1640815722-587,,,,6Pcs 90mm Pulley Wheel Bearing Cable Gym Fitness Training U,169.00 Dhs,null
1640815498-503,,,,Équipement d'exercice de toner de rouleau d'Ab à 4 roues pour les entraînements abdominaux de noyau et le réducteur de graisse de ventre,309.99 Dhs,null
1640816223-752,,,,"2 X Olympic D 2"" Spring Collar Weight Bars Clips Dumbbell Ba",189.00 Dhs,null
1640816460-804,,,,Rangement des altéres de musculation for gym home or GYM 2021,699.00 Dhs,null
1640816664-834,,,,Barre fixe et parallèle OMISO  plus  black multifonctions professionnelle demontable + dips,585.00 Dhs,3.5
1640816962-930,,,,ensemble de bandes de résistance tirer corde exercice sport yoga ceinture élastique corde fitness exercice 150 lbs résistance tube kit,111.99 Dhs,null
1640815950-667,,,,Lot de 8 Disques 1kg en Plastique avec poignées pour exercices de sports,298.00 Dhs,null
1640815593-539,,,,Revoflex Xtreme Appareil de musculation et Abdominaux + gilet sweat shaper L/XL HOMME,179.00 Dhs,null
1640815916-654,,,,Dynamic Tableau dynamique push up,199.00 Dhs,4.7
1640815646-558,,,,X5 fois le rejet de la ceinture de massage minceur vibration perte de poid,165.99 Dhs,null
1640816746-853,,,,Machine à brûler les graisses des fesses et obtenir un corps mince,189.00 Dhs,null
1640816165-731,,,,40cm Wing Chun Kung Fu Wall Bag Kick Boxing Striking Sand P,229.00 Dhs,null
1640816157-729,,,,Revoflex Xtreme Best Direct Multi-Fonctions - 44 Exercices By Dolce Home,218.00 Dhs,4.5
1640815366-455,,,,Revoflex Xtreme Appareil de musculation et d'entrainement abdominal,109.00 Dhs,null
1640815588-537,,,,Masseur amincissant élimine les grosses cuisses,199.00 Dhs,null
1640815562-527,,,,Disque de poids de musculation chromé 2kg,138.00 Dhs,null
1640815899-648,,,,Ceinture Vibrante VibroAction Pour Muscle le ventre,145.00 Dhs,null
1640816036-698,,,,2 ON 1 Barre Fixe + Revoflexe xtreme,499.00 Dhs,null
1640815997-683,,,,Domyos 2 HALTERES FITNESS MUSCULATION 1.5 KG BORDEAUX HAUTE QUALITE HALTERE DUMBELLS,168.99 Dhs,null
1640815317-437,,,,Pack Fitness : Barre Fixe Door Gym + Tummy Trimmer,199.00 Dhs,null
1640815768-602,,,,Black 10mm NBR Yoga Mat Exercise Fitness Gym Pila Black and,959.00 Dhs,null
1640816054-704,,,,4 Disque 5kg Musculation,800.00 Dhs,4.5
1640816075-712,,,,Barre fixe pour porte de traction,125.00 Dhs,null
1640815823-622,,,,NEW PACK : Appareil Revoflex Xtreme + Barre Fixe de porte,285.00 Dhs,null
1640815532-515,,,,TOP GYM revo flexe xtreme avec deux roue original 50 excercice,295.00 Dhs,3
1640816059-706,,,,Northpacific Set d'haltères en Vinyl - 10 KG,250.00 Dhs,null
1640816842-888,,,,Iron Gym Barre Fixe Multifonctions,113.00 Dhs,3.9
1640815480-496,,,,5Pcs 90mm Pulley Wheel Bearing Cable Gym Fitness Training U,159.00 Dhs,null
1640815447-483,,,,Lvs CHIN UP BAR PRO,780.00 Dhs,null
1640815738-593,,,,2.2L Water Bottle D Sports Dumbbell Dumbell Shaped Gym Jug W,209.00 Dhs,null
1640815736-592,,,,Revoflex Xtreme Double Roue Rouleau,129.00 Dhs,null
1640816892-905,,,,6Pcs/Set Hand Grip Gripper Trainer Countable Training  Black,249.00 Dhs,null
1640816930-918,,,,"Ceinture a Vibration,Aminci,Fessiers,cuisses,musculation,abdos,cellulite,electro",150.00 Dhs,3.6
1640816174-734,,,,APPAREIL ABDO 500 ERGO ET CONFORTABLE NOIR,449.00 Dhs,null
1640815444-482,,,,Appareil d'Entrainement Abdominal à la maison plus de 44 Exercices Revoflex Xtreme,109.00 Dhs,null
1640816919-914,,,,"Vibroaction Ceinture a Vibration,Aminci,Fessiers,cuisses,musculation,abdos,cellulite,electro",149.00 Dhs,3.8
1640816132-722,,,,"Northpacific Barre Fixe, Porte à la maison exercice d'entraînement entraînement barre de gymnastique mentonnière réglable Fitness tirer vers le haut",129.00 Dhs,null
1640815434-478,,,,Domyos Kit Haltéres Musculation 20 KG,847.00 Dhs,null
1640816808-875,,,,Ceinture de musculation abdominale vibratoire vibrante pour massage,199.00 Dhs,null
1640815336-444,,,,Domyos HALTERES TONEDUMBELL 2 x 1 Kg VERT,129.00 Dhs,5
1640816375-797,,,,1Set Abdomen Muscle Stimulator Training Belt Electrical Body Shape Home Trainer,208.00 Dhs,null
1640815468-491,,,,Domyos Barre De Traction Musculation Barre fixe,348.99 Dhs,null
1640816090-716,,,,Lvs BANC ABDOMINAL LINEO,"2,090.00 Dhs",null
1640815751-596,,,,1Pcs Boxing Mitt Training Target Focus Punch Pad Glove MMA,189.00 Dhs,null
1640816521-818,,,,Northpacific Barre fixe porte à la maison exercice d'entraînement  60cm a 100 cm,149.00 Dhs,4
1640815795-612,,,,NEW PACK :Bandes de résistances pour fitness exercices +  Corde a sauter,165.00 Dhs,null
1640816778-865,,,,Northpacific Haltère Musculation Kit 10 Kg dumbbell,349.00 Dhs,5
1640815828-624,,,,Ab Sling Strap D Hanging Chin Sit Up Bar Pullup Heavy Exerci,299.00 Dhs,null
1640816965-931,,,,Dynamic BANC DE MUSCULATION DYNAMIQUE,"1,140.00 Dhs",null
1640816770-862,,,,Wooden Parallettes Gymnastics D Calisthenics Handstand Bar F,949.00 Dhs,null
1640816062-707,,,,5PCS Sports Exercise Resistance Loop Bands Set Elastic Band,171.00 Dhs,null
1640816505-812,,,,Les haltères - Set de poids 20 kg convertible NORTHPACIFIC,549.00 Dhs,null
1640816903-909,,,,Barre de Musculation Ez Chrome 120cm,275.00 Dhs,null
1640816252-762,,,,30lbs Jawline Exerciser D Jaw Muscle Fitness Bite Ball Neck,189.00 Dhs,null
1640815565-528,,,,Power Twister - un classique efficace,159.00 Dhs,5
1640816486-805,,,,Intelligent Electronic Counting Skipping Cordless Cord  Blue,159.00 Dhs,null
1640816686-842,,,,Vibroaction Ceinture Vibrante - Minceur Massage,399.00 Dhs,null
1640816897-907,,,,Ensembles Haltère Musculation kit 20 Kg plus la barre,439.00 Dhs,null
1640816818-879,,,,Top Sport Set 2 Haltères de 2 kg en néoprène,99.00 Dhs,null
1640815319-438,,,,Electric Muscle Stimulator Abdominal Stimulation Muscle,123.00 Dhs,null
1640815442-481,,,,Revoflex Xtreme Multi-Fonctions - 50 Exercices pour les sportifs abdominaux 2021,119.99 Dhs,null
1640815693-576,,,,Domyos Kit de Musculation - 10 Kg,319.00 Dhs,5
1640815945-665,,,,VibraTone Ceinture vibrante pour massage musculaire,149.00 Dhs,3
1640816914-912,,,,Support de sac de boxe,260.00 Dhs,null
1640815871-637,,,,SPORTING Barre Musculation Ez Chrome,398.00 Dhs,4
1640815664-565,,,,Tummy Trimmer Rameur élastique pour musculation Outil d'entraînement rapide du ventre plat homme femme,93.00 Dhs,null
1640815876-639,,,,Deux Mini Barre Musculation,199.00 Dhs,null
1640816383-800,,,,Ceinture Vibro Shape ventre plat,299.00 Dhs,1
1640816002-685,,,,Universal DIY Accessories 6 Modes Intelligent EMS Hip Trainer Buttocks Butt Lifting Bum Lift Up Muscle Stimulation Leg Waist Body Workout Fitness,100.00 Dhs,null
1640815299-430,,,,Domyos Gilet de Musculation Et Cross Training 10 Kg Homme Et Femme,749.00 Dhs,null
1640815759-599,,,,Machine de musculation multifonctionnelle,189.00 Dhs,null
1640815929-659,,,,Dynamic Rouleau en mousse pour sport,199.00 Dhs,null
1640815873-638,,,,Corde de Triceps Tirez Vers Le Bas Crunches Crunches Fixation de,192.00 Dhs,null
1640815725-588,,,,Roue abdominale évolutive avec élastique d'accompagnement,299.00 Dhs,null
1640816739-851,,,,Martial Arts Foam D Nunchaku Sponge Stick Rope Kid Practice,189.00 Dhs,null
1640815403-469,,,,7Pcs 90mm Pulley D Wheel Bearing Cable Gym Fitness Training,229.00 Dhs,null
1640816303-780,,,,Revoflex Xtreme Appareil de musculation et Abdominaux bon qualite,165.00 Dhs,null
1640815493-501,,,,"équipement de Fitness à 4 Roues,Roulettes Abdominales,Exercice Physique à Domicile l'entraînement musculaire",299.00 Dhs,null
1640816886-903,,,,Sauna Belt Ceinture vibrante efficace pour brûler vos graisses,199.00 Dhs,null
1640815979-676,,,,11/13 pcs tension set yoga rope fitness train with 13 PCS,269.00 Dhs,null
1640816835-885,,,,HALTERES TONEDUMBELL 4kg (2 x 2kg) Bon Qualite,189.00 Dhs,null
1640815675-569,,,,"Revoflex Xtreme Une machine de sport capable de faire plus de 66 exercices (abdomen, épaules, poitrine, dos et bras)",167.99 Dhs,null
1640816015-690,,,,Iron Gym Barre Fixe multi-positions en métal 12 positions,149.00 Dhs,5
1640815578-533,,,,Vibroaction Ceinture Vibroaction VENTRE PLAT,194.00 Dhs,null
1640816749-854,,,,Barre Longue 100 cm,359.00 Dhs,5
1640815994-682,,,,Musculation Main Hand Grip Exercice Portable Fitness Grip 10-40 Kg,63.00 Dhs,null
1640816260-765,,,,"Ceinture Vibrante VibroAction Pour Muscle le ventre, les fesses, les cuisses",148.00 Dhs,null
1640816268-768,,,,"Beauty Body Smart fitness , mobile-Gym 6 pack stimulator EMS, fit Boot Tonin , abdominaux, biceps, teiceps, cuisses, dos, épaules bon qualite",199.00 Dhs,null
1640816087-715,,,,Lvs AB SWING,640.00 Dhs,1
1640816005-686,,,,3PCS/Set 15lbs/25lbs/45lbs Elastic D Yoga Pilates Stretch Re,289.00 Dhs,null
1640815560-526,,,,Autre Waist Wrap Tummy Gaine Ventre Plat Femme Faja Belt Waist Cincher Invisible Snatch Me Up Bandage Wrap Waist Trainer Body Shaper,192.00 Dhs,null
1640815709-582,,,,Plongée sous-marine Poids Poche pour accessoires à largage rouge,223.00 Dhs,null
1640816932-919,,,,Haltéres Musculation 4 KG,299.00 Dhs,null
1640816683-841,,,,Barres d'entraînement horizontales réglables pour l'exercice aérobie,166.00 Dhs,null
1640816257-764,,,,Vibro shape Vibrations Chauffant Multifonctionnel Ceinture de Massage,149.00 Dhs,null
1640815891-645,,,,Haltére Musculation 10 KG Vinyl,249.00 Dhs,null
1640816185-738,,,,"Appareil de musculation, fitness et Abdominaux",85.00 Dhs,null
1640815808-617,,,,Fitness Électrique bras abdominal muscle stimulateur Exercis formation Dispositif de perte de poids autocollants corps minceur patch,279.00 Dhs,null
1640816723-847,,,,C01 Classic Sports Elastic Stretchy Wrist Joint Brace Support Wrap Band - Black,196.00 Dhs,null
1640815753-597,,,,Yoga Mat Pad 3/4/5MM Thicken Soft Non-Slip Exerci 183x61x0.5,"1,069.00 Dhs",null
1640816967-932,,,,Martial Arts Foam D Nunchaku Sponge Stick Rope Kid Practice,189.00 Dhs,null
1640815598-541,,,,Haltères PLATINIUM valise de 20 KG 2 halters,649.00 Dhs,5
1640815426-475,,,,Autre Waist Wrap Tummy Gaine Ventre Plat Femme Faja Belt Waist Cincher Invisible Snatch Me Up Bandage Wrap Waist Trainer Body Shaper,192.00 Dhs,null
1640815847-631,,,,Ensembles Haltère Musculation kit 20 Kg plus la barre et boule,699.00 Dhs,null
1640816295-777,,,,Flex Ceinture abdominale pour sport,127.00 Dhs,null
1640815540-518,,,,Thigh Master Leg D Arm Muscle Toner Exercise Machine Fitness,189.00 Dhs,null
1640816580-822,,,,Pair Dumbbell Bar N Handles Weight Lifting Gym Spinlock Coll,209.00 Dhs,null
1640816492-807,,,,Universal Women Man Yoga Sports Gym Stretch Headband Hair Rope Anti-slip Elastic Band,240.00 Dhs,null
1640815859-634,,,,Dynamic Haltère Musculation kit 20 Kg AVEC BARRE FIX POUR PUSH-UP,800.00 Dhs,null
1640816759-858,,,,Tummy Trimmer Appareil Abdominale Tummy sport,85.00 Dhs,null
1640816140-724,,,,Domyos Disque De Fonte Musculation 2 kg,82.00 Dhs,5
1640815776-605,,,,24-39in Pull up N Bar Home use Gym Exercise Training Chin up,239.00 Dhs,null
1640815706-581,,,,Tummy Trimmer Appareil d'exercice pour le remodelage du corps,98.99 Dhs,null
1640816943-923,,,,Roue abdominaux total body exerciser BL,88.00 Dhs,4.4
1640815431-477,,,,Tummy Trimmer Appareil d'entrainement abdominal pour renforcer vos bras et jambes,110.00 Dhs,null
1640816017-691,,,,Heavy Duty Arm D Blaster Isolator Body Building Bomber Bicep,869.00 Dhs,null
1640816190-740,,,,20 kg haltères Musculation Métallique solide de Lux (paire de 2x10kg),682.10 Dhs,null
1640815800-614,,,,"Appareil renforcement ajustable avant bras ""10-50Kg"" - Rouge",55.09 Dhs,3.3
1640815699-578,,,,DIY Pulley Cable Pulldown Attachment System Biceps Tric 2.5M,189.00 Dhs,null
1640815555-524,,,,Disque de poids de musculation chromé 5kg,245.00 Dhs,null
1640815836-627,,,,Poignée de main de remise en forme,90.00 Dhs,null
1640815330-442,,,,Martial Arts Foam Nunchaku Sponge Stick Rope Kid  Rope PVC B,189.00 Dhs,null
1640815355-451,,,,Wireless Muscle Stimulator EMS Stimulation Body Slimming Beauty Machine Abdominal Muscle Exerciser Training Device Body Massager,199.00 Dhs,null
1640815894-646,,,,Ceinture Vibro Shape - حزام تخسيس البطن,399.00 Dhs,null
1640816023-693,,,,KCASA X5 fois le rejet de la ceinture de massage minceur vibration perte de poid,143.62 Dhs,null
1640815513-509,,,,Pull Up Bar D Chin Up Adjustable Length with Pull Rope Sport,"1,139.00 Dhs",null
1640816783-867,,,,Barre fixe permanente pour porte Avec Housse de sport lavable Jog brassard Gym housse de course,113.59 Dhs,null
1640815296-429,,,,SPORT BARRE 120 cm de 8kg,449.00 Dhs,5
1640816389-802,,,,Sauna Belt ceinture Brûleur De Graisse,107.00 Dhs,null
1640816239-757,,,,Ems Hips Trainer EMS Stimulateur musculaire professionnelle ceinture électrique,89.00 Dhs,null
1640816193-741,,,,Vibro Shape Ceinture ventre plat,299.00 Dhs,null
1640816789-869,,,,Set de 2 disques de 2kg en Plastique à poignées Pour Remise en forme 2 x 2Kg,99.00 Dhs,null
1640815409-471,,,,40/50CM Dumbbell Bar P Handle Spinlock Collar Set Dumbbell H,839.00 Dhs,null
1640816225-753,,,,Ceinture de massage Vibrante,148.00 Dhs,3
1640816523-819,,,,Pack : Revoflex Xtreme + Barre Fixe de porte,187.00 Dhs,null
1640816911-911,,,,Paire Haltères Musculation premium en fonte 20 kg avec valise - 10 kg chaque'un,"1,000.00 Dhs",5
1640816265-767,,,,"barre de traction pour porte, Portable, entraînement de musculation",229.00 Dhs,null
1640816510-814,,,,Perfect AB Carver Pro roue d’exercice pour abdominaux et bras,283.00 Dhs,4
1640815473-493,,,,2020 Loops Lightweight Stick Yoga Rally Bar Trainer Pil Pink,229.00 Dhs,null
1640816767-861,,,,Ceinture Réglable Masseur Sauna Pour Perte De Poids et Brûle de Graisses,89.00 Dhs,3.7
1640816949-925,,,,Entrainement de abdominaux,62.00 Dhs,1
1640815309-434,,,,Smart Household Hip Trainer Prefect  Builder Buttock,164.40 Dhs,null
1640816775-864,,,,Bsh Barre Fix Extrême 12 Position Multi Fonction,259.00 Dhs,4.3
1640816334-786,,,,Nb HALTERES 2 X 5 KG CONFORTABLE MUSCULATION ÉPAULES BICEPS TRICEPS GYM SPORT,309.00 Dhs,null
1640815620-549,,,,Muscle Sports Fitness Home Training Handle Bod Push Up Bar E,196.74 Dhs,null
1640816031-696,,,,Kit musculation à la maison,"1,000.00 Dhs",3.3
1640815913-653,,,,Vibro Shape Slimming Massage Belt.,235.99 Dhs,3.3
1640816077-713,,,,5 In 1 Hand Grip Strengthener Set Workout Finger Exerci Blue,249.00 Dhs,null
1640815575-532,,,,Northpacific Roue pour entraînement wheel abs,299.00 Dhs,null
1640815475-494,,,,Hips Trainer Buttock Muscle Stimulation Lift Up Firmin Black,349.00 Dhs,null
1640816883-902,,,,Indoor Fitness Horizontal D Bar Workout Bar Chin-Up Pull-Up,959.00 Dhs,null
1640816678-839,,,,Tummy Trimmer shopinet vous propose Tummy  Appareil Abdominale ORIGINAL 2021,74.00 Dhs,4.5
1640816234-755,,,,Original Appareil Sport,97.00 Dhs,5
1640816354-790,,,,Roue abdominaux de fitness et musculation,115.00 Dhs,null
1640815485-498,,,,Northpacific Barre de gym multifonctions,79.00 Dhs,null
1640815850-632,,,,Tummy Trimmer Appareil d'entrainement les abdominal et les bras pour femmes et hommes,67.00 Dhs,5
1640816851-891,,,,Apparreil renforcement avant bras et relax deux pièces,65.00 Dhs,4.3
1640816980-937,,,,Équipement pour La Jambe Abdominale Exerciseur Culturisme Noir,49.00 Dhs,null
1640815294-428,,,,Correcteur Pour les Hommes et les Femmes DR MAGICO,95.00 Dhs,null
1640815508-507,,,,B02 Classical Sport Patella Band Knee Guard Protector - Black - Black,199.00 Dhs,null
1640815570-530,,,,Iron Gym Barre Fixe Multi Fonctions + Mimo Massage Offert,197.00 Dhs,null
1640815483-497,,,,Beauty Body Smart fitness 6 pack stimulator,118.00 Dhs,null
1640815672-568,,,,Ressort Main Doigt de préhension Exercice Éponge Avant-bras Développeur de poignet de force de la main 2PCS,99.00 Dhs,null
1640816220-751,,,,Poids disque chromé 5kg musculation,244.00 Dhs,null
1640816607-823,,,,6MM Exercise Yoga Pad Mat Non Slip Durable Pilate Lake blue,169.00 Dhs,null
1640815766-601,,,,Appareil d'entrainement les abdominal et les bras pour femmes et hommes,79.00 Dhs,3
1640815974-674,,,,Wooden Parallettes Gymnastics R Calisthenics Handstand Bar F,949.00 Dhs,null
1640816249-761,,,,Vibroaction Appareil abdominal Ceinture Original,299.00 Dhs,null
1640815518-511,,,,10KG-50KG Carbon Steel Adjustable Hand Grip Strengthener Tr,229.00 Dhs,null
1640816644-828,,,,Muscle Trainer Smart D Body Shape Building Fitness Abs Exerc,369.00 Dhs,null
1640815376-459,,,,Universal Yoga Spiky Ball Massage Wand Rolling Trigger Point Muscle Therapy Stick Roller Black,258.00 Dhs,null
1640816880-901,,,,Haltéres Musculation 8 KG,499.00 Dhs,null
1640816853-892,,,,Domyos Barre De Traction Musculation Pull Up Bar,299.00 Dhs,null
1640815696-577,,,,barre  fixe de traction et plusieurs exercices musculation .,390.00 Dhs,null
1640816231-754,,,,2x Water Aerobics D Foam Dumbbell Aquatic Barbell Fitness Po,249.00 Dhs,null
1640815423-474,,,,Resistance Bands Latex Loop Pull Up Assist Band Fitness,10.00 Dhs,null
1640816067-709,,,,2 Disques SPORT EN Plastique 2 KG,139.00 Dhs,null
1640815728-589,,,,Domyos Kit Haltères de Musculation 20 kg - 2 Haltères avec Valise,699.00 Dhs,null
1640816652-831,,,,Appareil Abdominal - Electrostimulateur,64.99 Dhs,4
1640816170-733,,,,Vibro Shape - Minceur Professionnelle,249.00 Dhs,null
1640815386-463,,,,Adjustable Waist Belt Band Unisex For Weight Lift Black+Yell,279.00 Dhs,null
1640816859-894,,,,"Ny PAIRE D'HALTERES FITNESS 1,5 KG",149.00 Dhs,null
1640816000-684,,,,Latex Wheel Elastic D Rope Auxiliary Tension Strength Traini,209.00 Dhs,null
1640815841-629,,,,"17"" Rechargeable Electric Massage Foam Roller 4 Speed Muscl","1,019.00 Dhs",null
1640816954-927,,,,Omiso Barre de dips Murale Professionnelle avec Homologation Studio 2021,289.00 Dhs,1
1640816508-813,,,,Barre Fixe  de traction Multi Fonctions et Multi-positions,149.00 Dhs,null
1640816095-718,,,,Top Sport DOUBLE ROUE ABDOMINAUX FITNESS MUSCULATION SIX PACK poignées confortables,119.00 Dhs,null
1640815919-655,,,,Wooden Parallettes Gymnastics P Calisthenics Handstand Bar F,"1,119.00 Dhs",null
1640815341-446,,,,Tummy Trimmer Appareil d'exercice pour le remodelage du corps abdominaux fitness gym sport,94.00 Dhs,null
1640815763-600,,,,Adults Smart Auto-Spinning Hoop Sports Lose Weight Ad Orange,"1,029.00 Dhs",null
1640815638-555,,,,Autre Shinning Latex Waist Trainer 25 Spiral Steel Boned Black Cream Waist Slimming Cincher 3 Hooks And Eyes Corset  Corselet,258.00 Dhs,null
1640815704-580,,,,NXTPRO Wood Gymnastic D Ring Olympic Strength Training Gym R,909.00 Dhs,null
1640816489-806,,,,Yoga Pilates Bar Expand Resistance Bands Gym Sport Fitness S,155.25 Dhs,null
1640815379-460,,,,Barre Fixe Multifonctions neuf,149.00 Dhs,null
1640816736-850,,,,Weight Lifting Belt N Body Building Gym Fitness Training Bac,239.00 Dhs,null
1640816991-941,,,,Ems Smart fitness mobile gym 6 pack abs electrostimulateur EMS,49.00 Dhs,3
1640815344-447,,,,Pliable Push Up Board -14 en 1 Body Building Rack Outils d'exercice Workout,136.00 Dhs,4
1640815924-657,,,,Revoflex Xtreme Appareil de Musculation Abdominal Revoflex Xtrem,99.00 Dhs,null
1640815465-490,,,,Yoga Mat Pad 3/4/5MM Thicken Soft Non-Slip Exerci 183x61x0.4,"1,049.00 Dhs",null
1640815439-480,,,,Beurer Muscle Booster EM 22 Perfect introduction for all EMS enthusiasts,799.00 Dhs,null
1640816373-796,,,,Dynamic Haltère Musculation kit 20 Kg + barre ajustable,700.00 Dhs,null
